,StageID,Percentage
0,2,70.0
1,3,100.0
2,8,57.14285714285714
3,28,66.66666666666666
4,31,88.88888888888889
5,32,100.0
